,y_hat
0,10.0
1,10.0
2,10.0
3,10.0
4,10.0
5,10.0
6,10.0
7,10.0
8,10.0
9,10.0
10,10.0
11,10.0
12,10.0
13,10.0
14,10.0
15,10.0
16,10.0
17,10.0
18,10.0
19,10.0
20,10.0
21,10.0
22,10.0
23,10.0
24,10.0
25,10.0
26,10.0
27,10.0
28,10.0
29,10.0
30,10.0
31,10.0
32,10.0
33,10.0
34,10.0
35,10.0
36,10.0
37,10.0
38,10.0
39,10.0
40,10.0
41,10.0
42,10.0
43,10.0
44,10.0
45,10.0
46,10.0
47,10.0
48,10.0
49,10.0
50,10.0
51,10.0
52,10.0
53,10.0
54,10.0
55,10.0
56,10.0
57,10.0
58,10.0
59,10.0
60,10.0
61,9.700000000000022
62,9.700000000000022
63,9.700000000000022
64,9.700000000000022
65,9.700000000000022
66,9.700000000000022
67,9.700000000000022
68,9.700000000000022
69,9.700000000000022
70,9.700000000000022
71,9.700000000000022
72,9.700000000000022
73,9.700000000000022
74,9.700000000000022
75,9.700000000000022
76,9.700000000000022
77,9.700000000000022
78,9.700000000000022
79,9.700000000000022
80,9.700000000000022
81,9.700000000000022
82,9.700000000000022
83,9.700000000000022
84,9.700000000000022
85,9.700000000000022
86,9.700000000000022
87,9.700000000000022
88,9.700000000000022
89,9.700000000000022
90,9.700000000000022
91,9.700000000000022
92,9.700000000000022
93,9.700000000000022
94,9.700000000000022
95,9.700000000000022
96,9.700000000000022
97,9.700000000000022
98,9.700000000000022
99,9.700000000000022
100,9.700000000000022
101,9.700000000000022
102,9.700000000000022
103,9.700000000000022
104,9.700000000000022
105,9.700000000000022
106,9.700000000000022
107,9.700000000000022
108,9.700000000000022
109,9.700000000000022
110,9.700000000000022
111,9.700000000000022
112,9.700000000000022
113,9.700000000000022
114,9.700000000000022
115,9.700000000000022
116,9.700000000000022
117,9.700000000000022
118,9.700000000000022
119,9.700000000000022
120,9.700000000000022
121,9.700000000000022
122,9.700000000000022
123,9.700000000000022
124,9.700000000000022
125,9.700000000000022
126,9.700000000000022
127,9.700000000000022
128,9.700000000000022
129,9.700000000000022
130,9.700000000000022
131,9.700000000000022
132,9.700000000000022
133,9.700000000000022
134,9.700000000000022
135,9.700000000000022
136,9.700000000000022
137,9.700000000000022
138,9.700000000000022
139,9.700000000000022
140,9.700000000000022
141,9.700000000000022
142,9.700000000000022
143,9.700000000000022
144,9.700000000000022
145,9.700000000000022
146,9.700000000000022
147,9.700000000000022
148,9.700000000000022
149,9.700000000000022
150,9.700000000000022
151,9.700000000000022
152,9.700000000000022
153,9.700000000000022
154,9.700000000000022
155,9.700000000000022
156,9.700000000000022
157,9.700000000000022
158,9.700000000000022
159,9.700000000000022
160,9.700000000000022
161,9.700000000000022
162,9.700000000000022
163,9.700000000000022
164,9.700000000000022
165,9.700000000000022
166,9.700000000000022
167,9.700000000000022
168,9.700000000000022
169,9.700000000000022
170,9.700000000000022
171,9.700000000000022
172,9.700000000000022
173,9.700000000000022
174,9.700000000000022
175,9.700000000000022
176,9.700000000000022
177,9.700000000000022
178,9.700000000000022
179,9.299999999999985
180,9.299999999999985
181,9.299999999999985
182,9.299999999999985
183,9.299999999999985
184,9.299999999999985
185,9.149999999999986
186,9.299999999999985
187,9.299999999999985
188,9.299999999999985
189,9.299999999999985
190,9.299999999999985
191,9.299999999999985
192,9.299999999999985
193,9.149999999999986
194,9.299999999999985
195,9.299999999999985
196,9.299999999999985
197,9.299999999999985
198,9.299999999999985
199,9.299999999999985
200,9.299999999999985
201,9.149999999999986
202,9.299999999999985
203,9.299999999999985
204,9.299999999999985
205,9.299999999999985
206,9.299999999999985
207,9.299999999999985
208,9.299999999999985
209,9.149999999999986
210,9.299999999999985
211,9.299999999999985
212,9.299999999999985
213,9.299999999999985
214,9.299999999999985
215,9.299999999999985
216,9.299999999999985
217,9.149999999999986
218,9.299999999999985
219,9.299999999999985
220,9.299999999999985
221,9.299999999999985
222,9.299999999999985
223,9.299999999999985
224,9.299999999999985
225,9.299999999999985
226,9.299999999999985
227,9.0
228,9.0
229,9.0
230,9.0
231,9.0
232,9.0
233,9.0
234,9.0
235,9.0
236,9.0
237,9.0
238,9.0
239,9.0
240,9.0
241,9.0
242,9.0
243,9.0
244,9.0
245,9.0
246,10.0
247,10.0
248,10.0
249,10.0
250,10.0
251,10.0
252,10.0
253,10.0
254,10.0
255,10.0
256,10.0
257,10.0
258,10.0
259,7.799999999999988
260,7.799999999999988
261,7.799999999999988
262,7.799999999999988
263,7.799999999999987
264,7.799999999999987
265,7.799999999999987
266,7.799999999999987
267,7.799999999999987
268,7.277999999999999
269,7.277999999999999
270,7.277999999999999
271,4.513000000000006
272,4.513000000000006
273,4.513000000000006
274,4.513000000000006
275,4.513000000000006
276,4.513000000000006
277,7.627999999999991
278,7.627999999999991
279,5.319000000000002
280,7.5
281,7.5
282,7.5
283,7.5
284,7.5
285,7.5
286,7.5
287,7.5
288,7.5
289,7.5
290,7.5
291,7.5
292,7.5
293,7.5
294,7.5
295,7.5
296,7.5
297,7.5
298,7.5
299,7.5
300,7.5
301,7.5
302,7.5
303,7.5
304,7.5
305,7.5
306,7.5
307,7.5
308,7.5
309,7.5
310,7.5
311,7.5
312,7.5
313,7.5
314,7.5
315,7.5
316,7.5
317,7.5
318,7.5
319,7.5
320,7.5
321,7.5
322,7.5
323,7.5
324,7.5
325,7.5
326,7.5
327,7.5
328,7.5
329,7.5
330,7.5
331,7.5
332,7.5
333,7.5
334,5.273000000000003
335,5.273000000000003
336,5.273000000000003
337,5.273000000000003
338,5.273000000000003
339,5.273000000000003
340,9.892
341,9.892
342,9.892
343,9.892
344,9.892
345,9.892
346,9.892
347,7.10000000000003
348,7.10000000000003
349,7.10000000000003
350,7.10000000000003
351,7.10000000000003
352,7.10000000000003
353,7.10000000000003
354,7.10000000000003
355,7.10000000000003
356,7.10000000000003
357,7.10000000000003
358,7.10000000000003
359,7.10000000000003
360,7.10000000000003
361,7.10000000000003
362,7.10000000000003
363,7.10000000000003
364,7.10000000000003
365,7.10000000000003
366,7.10000000000003
367,7.10000000000003
368,6.799999999999982
369,6.799999999999982
370,6.799999999999982
371,6.799999999999982
372,6.799999999999982
373,6.799999999999982
374,6.799999999999982
375,6.799999999999982
376,6.799999999999982
377,6.799999999999982
378,6.799999999999982
379,6.799999999999995
380,6.799999999999995
381,6.799999999999995
382,6.799999999999995
383,6.799999999999995
384,6.799999999999982
385,6.799999999999982
386,6.799999999999982
387,6.799999999999982
388,6.799999999999982
389,6.799999999999982
390,6.799999999999982
391,6.799999999999982
392,6.799999999999982
393,6.799999999999982
394,6.799999999999982
395,6.799999999999982
396,6.799999999999982
397,6.799999999999982
398,6.799999999999982
399,6.799999999999982
400,6.799999999999982
401,6.799999999999982
402,6.799999999999995
403,6.799999999999995
404,6.799999999999995
405,6.799999999999995
406,6.799999999999995
407,6.799999999999982
408,6.799999999999982
409,6.799999999999982
410,6.799999999999982
411,6.799999999999982
412,6.799999999999982
413,6.799999999999982
414,6.799999999999982
415,6.799999999999982
416,6.799999999999982
417,6.799999999999982
418,6.799999999999982
419,6.799999999999982
420,6.799999999999982
421,6.799999999999982
422,6.799999999999982
423,6.799999999999982
424,6.799999999999982
425,6.799999999999995
426,6.799999999999995
427,6.799999999999995
428,6.799999999999995
429,6.799999999999995
430,7.005999999999993
431,7.005999999999993
432,7.005999999999993
433,7.005999999999993
434,7.005999999999993
435,7.005999999999993
436,7.005999999999993
437,7.005999999999993
438,7.005999999999993
439,7.005999999999993
440,7.005999999999993
441,7.005999999999993
442,7.005999999999993
443,7.005999999999993
444,6.799999999999982
445,6.799999999999982
446,6.799999999999982
447,6.799999999999982
448,6.799999999999982
449,6.799999999999982
450,6.799999999999982
451,6.799999999999982
452,6.799999999999982
453,6.799999999999982
454,6.799999999999982
455,6.799999999999982
456,6.799999999999982
457,6.799999999999982
458,6.799999999999982
459,6.799999999999982
460,6.799999999999982
461,6.799999999999982
462,6.799999999999995
463,6.799999999999995
464,6.799999999999995
465,6.799999999999995
466,6.799999999999995
467,6.799999999999982
468,6.799999999999982
469,6.399999999999934
470,6.399999999999934
471,6.399999999999934
472,6.399999999999936
473,6.399999999999936
474,6.399999999999936
475,6.399999999999934
476,6.399999999999934
477,6.399999999999934
478,6.399999999999934
479,6.399999999999936
480,6.399999999999936
481,6.399999999999936
482,6.399999999999988
483,6.399999999999988
484,6.399999999999988
485,6.399999999999934
486,6.399999999999934
487,6.399999999999934
488,6.399999999999934
489,6.399999999999936
490,6.399999999999934
491,6.399999999999936
492,6.399999999999934
493,6.399999999999936
494,6.399999999999934
495,6.399999999999936
496,6.399999999999934
497,6.399999999999936
498,6.399999999999934
499,6.399999999999936
500,6.399999999999934
501,6.399999999999936
502,6.399999999999934
503,6.399999999999936
504,6.399999999999934
505,6.399999999999936
506,6.399999999999934
507,6.399999999999936
508,6.399999999999934
509,6.399999999999936
510,6.399999999999934
511,6.399999999999936
512,6.399999999999934
513,6.399999999999936
514,6.399999999999934
515,6.399999999999936
516,6.399999999999934
517,6.399999999999934
518,6.399999999999934
519,6.399999999999934
520,6.399999999999934
521,6.399999999999934
522,6.399999999999934
523,6.399999999999934
524,6.399999999999936
525,6.399999999999936
526,6.399999999999936
527,6.399999999999936
528,6.399999999999934
529,6.399999999999934
530,6.399999999999934
531,6.399999999999936
532,6.399999999999936
533,6.399999999999936
534,6.399999999999934
535,6.399999999999936
536,6.399999999999934
537,6.399999999999934
538,6.399999999999934
539,6.399999999999936
540,6.399999999999934
541,6.399999999999936
542,6.399999999999934
543,6.399999999999936
544,6.399999999999934
545,6.399999999999936
546,6.399999999999934
547,6.399999999999934
548,6.399999999999934
549,6.399999999999936
550,6.399999999999936
551,6.399999999999936
552,6.399999999999934
553,6.399999999999934
554,6.399999999999936
555,6.399999999999936
556,6.399999999999934
557,6.399999999999934
558,6.399999999999936
559,6.399999999999936
560,6.399999999999934
561,6.399999999999936
562,6.399999999999934
563,6.399999999999936
564,6.399999999999934
565,6.399999999999936
566,6.399999999999934
567,6.399999999999936
568,6.399999999999934
569,6.399999999999934
570,6.399999999999934
571,6.399999999999936
572,6.399999999999936
573,6.399999999999936
574,6.399999999999934
575,6.399999999999936
576,6.399999999999934
577,6.399999999999936
578,6.399999999999934
579,6.399999999999936
580,6.399999999999934
581,6.399999999999936
582,6.399999999999934
583,6.399999999999936
584,6.399999999999934
585,6.399999999999936
586,6.399999999999934
587,6.399999999999936
588,6.399999999999934
589,6.399999999999936
590,6.399999999999934
591,6.399999999999936
592,6.399999999999934
593,6.399999999999934
594,6.399999999999936
595,6.399999999999936
596,6.399999999999934
597,6.399999999999936
598,6.399999999999934
599,6.399999999999934
600,6.399999999999934
601,6.399999999999936
602,6.399999999999934
603,6.399999999999934
604,6.399999999999934
605,6.399999999999934
606,6.399999999999934
607,6.399999999999934
608,6.399999999999936
609,6.399999999999936
610,6.399999999999934
611,6.399999999999936
612,6.399999999999934
613,6.399999999999934
614,6.399999999999934
615,6.399999999999936
616,6.399999999999936
617,6.399999999999936
618,6.399999999999934
619,6.399999999999936
620,6.399999999999934
621,5.0
622,5.0
623,5.0
624,5.0
625,5.0
626,5.0
627,7.906999999999998
628,7.906999999999998
629,5.0
630,5.0
631,5.0
632,5.0
633,5.0
634,5.0
635,5.0
636,5.0
637,5.0
638,5.0
639,5.0
640,5.0
641,5.0
642,5.0
643,5.0
644,5.0
645,5.0
646,5.0
647,5.0
648,5.0
649,5.0
650,5.0
651,5.0
652,5.0
653,5.0
654,5.0
655,5.0
656,5.0
657,5.0
658,5.0
659,5.0
660,5.0
661,5.0
662,5.0
663,5.0
664,5.0
665,5.0
666,5.0
667,5.0
668,5.0
669,5.0
670,5.0
671,5.0
672,5.0
673,5.0
674,5.0
675,5.0
676,5.0
677,5.0
678,5.0
679,5.0
680,5.0
681,5.0
682,5.0
683,5.0
684,5.0
685,5.0
686,5.0
687,5.0
688,5.0
689,5.0
690,5.0
691,5.0
692,5.0
693,5.0
694,5.0
695,5.0
696,5.0
697,5.0
698,5.0
699,5.0
700,5.0
701,5.0
702,5.0
703,5.0
704,5.0
705,5.0
706,5.0
707,5.0
708,5.0
709,5.0
710,5.0
711,5.0
712,5.0
713,5.0
714,5.0
715,2.3719999999999986
716,5.001
717,5.0
718,5.0
719,5.0
720,5.0
721,5.0
722,5.0
723,5.0
724,5.0
725,5.0
726,5.0
727,5.0
728,5.0
729,5.0
730,5.0
731,5.0
732,5.0
733,5.0
734,5.0
735,5.0
736,5.0
737,5.0
738,5.0
739,5.0
740,5.0
741,5.0
742,5.0
743,5.0
744,5.0
745,5.0
746,5.0
747,5.0
748,5.0
749,5.0
750,5.0
751,5.0
752,5.0
753,5.0
754,5.0
755,5.0
756,5.0
757,5.0
758,5.0
759,5.0
760,5.0
761,5.0
762,5.0
763,5.0
764,5.0
765,5.0
766,5.0
767,5.0
768,5.0
769,5.0
770,5.0
771,5.0
772,5.0
773,5.0
774,5.0
775,5.0
776,5.0
777,5.0
778,5.0
779,5.0
780,5.0
781,5.0
782,5.0
783,5.0
784,5.0
785,5.0
786,5.0
787,5.0
788,5.0
789,5.0
790,5.0
791,5.0
792,5.0
793,5.0
794,5.0
795,5.0
796,5.0
797,5.0
798,5.0
799,5.0
800,5.0
801,5.0
802,5.0
803,5.0
804,5.0
805,5.0
806,5.0
807,5.0
808,5.0
809,5.0
810,5.0
811,5.0
812,5.0
813,5.0
814,5.0
815,5.0
816,5.0
817,5.0
818,5.0
819,5.0
820,5.0
821,5.0
822,5.0
823,5.0
824,5.0
825,5.0
826,5.0
827,5.0
828,5.0
829,5.0
830,5.0
831,5.0
832,5.0
833,5.0
834,5.0
835,5.0
836,5.0
837,5.0
838,5.0
839,5.0
840,5.0
841,5.0
842,5.0
843,5.0
844,5.0
845,5.0
846,5.0
847,5.0
848,5.0
849,5.0
850,5.0
851,5.0
852,5.0
853,5.0
854,5.0
855,5.0
856,5.0
857,5.0
858,5.0
859,5.0
860,5.0
861,5.0
862,5.0
863,5.0
864,5.0
865,5.0
866,5.0
867,5.0
868,5.0
869,5.0
870,5.0
871,5.0
872,5.0
873,5.0
874,5.0
875,5.0
876,5.0
877,5.0
878,5.0
879,5.0
880,5.0
881,5.0
882,5.0
883,5.0
884,5.0
885,5.0
886,5.0
887,5.0
888,5.0
889,5.0
890,5.0
891,5.0
892,5.0
893,5.0
894,5.0
895,5.0
896,5.0
897,5.0
898,5.0
899,5.0
900,5.0
901,5.0
902,5.0
903,5.0
904,5.0
905,5.0
906,5.0
907,5.0
908,5.0
909,5.0
910,5.0
911,5.0
912,5.0
913,5.0
914,5.0
915,5.0
916,5.0
917,5.0
918,5.0
919,5.0
920,5.0
921,5.0
922,5.0
923,5.0
924,5.0
925,5.0
926,5.0
927,5.0
928,5.0
929,5.0
930,5.0
931,5.0
932,5.0
933,5.0
934,5.0
935,5.0
936,5.0
937,5.0
938,5.0
939,5.0
940,5.0
941,5.0
942,5.0
943,5.0
944,5.0
945,5.0
946,5.0
947,5.0
948,5.0
949,5.0
950,5.0
951,5.0
952,5.0
953,5.0
954,5.0
955,5.0
956,5.0
957,5.0
958,5.0
959,5.0
960,5.0
961,5.0
962,5.0
963,5.0
964,5.0
965,5.0
966,5.0
967,5.0
968,5.0
969,5.0
970,5.0
971,5.0
972,5.0
973,5.0
974,5.0
975,5.0
976,5.0
977,5.0
978,5.0
979,5.0
980,5.0
981,5.0
982,5.0
983,5.0
984,5.0
985,5.0
986,5.0
987,5.0
988,5.0
989,5.0
990,5.0
991,5.0
992,5.0
993,5.0
994,5.0
995,5.0
996,5.0
997,5.0
998,5.0
999,5.0
1000,5.0
1001,5.0
1002,5.0
1003,5.0
1004,5.0
1005,5.0
1006,5.0
1007,5.0
1008,5.0
1009,5.0
1010,5.0
1011,5.0
1012,5.0
1013,5.0
1014,5.0
1015,5.0
1016,5.0
1017,5.0
1018,5.0
1019,5.0
1020,5.0
1021,5.0
1022,5.0
1023,5.0
1024,5.0
1025,5.0
1026,5.0
1027,5.0
1028,5.0
1029,5.0
1030,5.0
1031,5.0
1032,5.0
1033,5.0
1034,5.0
1035,5.0
1036,5.0
1037,5.0
1038,5.0
1039,5.262268181372242
1040,5.262268181372242
1041,5.262268181372242
1042,5.262268181372242
1043,5.262268181372242
1044,5.0
1045,5.0
1046,5.0
1047,5.0
1048,5.0
1049,5.0
1050,5.0
1051,5.0
1052,5.0
1053,5.0
1054,5.0
1055,5.0
1056,5.0
1057,5.0
1058,5.0
1059,5.0
1060,5.0
1061,5.0
1062,5.0
1063,5.0
1064,5.0
1065,5.0
1066,5.0
1067,5.0
1068,5.0
1069,5.0
1070,5.0
1071,5.0
1072,5.0
1073,5.0
1074,5.0
1075,5.0
1076,5.0
1077,5.0
1078,5.0
1079,5.0
1080,5.0
1081,5.0
1082,5.0
1083,5.0
1084,5.0
1085,5.0
1086,5.0
1087,5.0
1088,5.0
1089,5.0
1090,5.0
1091,5.0
1092,5.0
1093,5.0
1094,5.0
1095,5.0
1096,5.0
1097,5.0
1098,5.0
1099,5.0
1100,5.0
1101,5.0
1102,7.878999999999998
1103,7.878999999999998
1104,7.878999999999998
1105,5.260023657788296
1106,5.260023657788296
1107,5.260023657788296
1108,5.260023657788296
1109,5.0
1110,5.0
1111,5.0
1112,5.0
1113,5.0
1114,5.0
1115,5.0
1116,5.0
1117,5.0
1118,5.0
1119,5.0
1120,5.0
1121,5.0
1122,5.0
1123,5.0
1124,5.0
1125,5.0
1126,5.0
1127,5.0
1128,5.0
1129,5.0
1130,5.0
1131,5.0
1132,5.0
1133,5.0
1134,5.0
1135,5.0
1136,5.0
1137,5.0
1138,5.0
1139,5.0
1140,5.0
1141,5.0
1142,5.0
1143,5.0
1144,5.0
1145,5.0
1146,5.0
1147,5.0
1148,5.0
1149,5.0
1150,5.0
1151,5.0
1152,5.0
1153,5.0
1154,5.0
1155,5.0
1156,5.0
1157,5.0
1158,5.0
1159,5.0
1160,5.0
1161,5.0
1162,5.0
1163,5.0
1164,5.0
1165,5.0
1166,5.0
1167,5.0
1168,5.0
1169,5.0
1170,5.0
1171,5.0
1172,5.0
1173,5.0
1174,5.0
1175,5.0
1176,5.0
1177,5.0
1178,5.0
1179,5.0
1180,5.0
1181,5.0
1182,5.0
1183,5.0
1184,5.0
1185,5.0
1186,5.0
1187,5.0
1188,5.0
1189,5.0
1190,5.0
1191,5.0
1192,5.0
1193,5.0
1194,5.0
1195,5.0
1196,5.0
1197,5.0
1198,5.0
1199,5.0
1200,5.0
1201,5.0
1202,5.0
1203,5.0
1204,5.0
1205,5.0
1206,5.0
1207,5.0
1208,5.0
1209,5.0
1210,5.0
1211,5.0
1212,5.0
1213,5.0
1214,5.0
1215,5.0
1216,5.0
1217,5.0
1218,5.0
1219,5.0
1220,5.0
1221,5.0
1222,5.0
1223,5.0
1224,5.0
1225,5.0
1226,5.0
1227,5.0
1228,5.0
1229,5.0
1230,5.0
1231,5.0
1232,5.0
1233,5.0
1234,5.0
1235,5.0
1236,5.0
1237,5.0
1238,5.0
1239,5.0
1240,5.0
1241,5.0
1242,5.0
1243,5.0
1244,5.0
1245,5.0
1246,5.0
1247,5.0
1248,5.0
1249,5.0
1250,5.0
1251,5.0
1252,5.0
1253,5.0
1254,5.0
1255,5.0
1256,5.0
1257,5.0
1258,5.0
1259,5.0
1260,5.0
1261,5.0
1262,5.0
1263,5.0
1264,5.0
1265,5.0
1266,5.0
1267,5.0
1268,5.0
1269,5.0
1270,5.0
1271,5.0
1272,5.0
1273,5.0
1274,5.0
1275,5.0
1276,5.0
1277,5.0
1278,5.0
1279,5.0
1280,5.0
1281,5.0
1282,5.0
1283,5.0
1284,5.0
1285,5.0
1286,5.0
1287,5.0
1288,5.0
1289,5.0
1290,5.0
1291,5.0
1292,5.0
1293,5.0
1294,5.0
1295,5.0
1296,5.0
1297,5.0
1298,5.0
1299,5.0
1300,5.0
1301,5.0
1302,5.0
1303,5.0
1304,5.0
1305,5.0
1306,5.0
1307,5.0
1308,5.0
1309,5.0
1310,5.0
1311,5.0
1312,5.0
1313,5.0
1314,5.0
1315,5.0
1316,5.0
1317,5.0
1318,5.0
1319,5.0
1320,5.0
1321,5.0
1322,5.0
1323,5.0
1324,5.0
1325,5.0
1326,5.0
1327,5.0
1328,5.0
1329,5.0
1330,5.0
1331,5.0
1332,5.0
1333,5.0
1334,5.0
1335,5.0
1336,5.0
1337,5.0
1338,5.0
1339,5.0
1340,5.0
1341,5.0
1342,5.0
1343,5.0
1344,5.0
1345,5.0
1346,5.0
1347,5.0
1348,5.0
1349,5.0
1350,5.0
1351,5.0
1352,5.0
1353,5.0
1354,5.0
1355,5.0
1356,5.0
1357,5.0
1358,5.0
1359,5.0
1360,5.0
1361,5.0
1362,5.0
1363,5.0
1364,5.0
1365,5.0
1366,5.0
1367,5.0
1368,5.0
1369,5.0
1370,5.0
1371,5.0
1372,5.0
1373,5.0
1374,5.0
1375,5.0
1376,5.0
1377,5.0
1378,5.0
1379,5.0
1380,5.0
1381,5.0
1382,5.0
1383,5.0
1384,5.0
1385,5.0
1386,5.0
1387,5.0
1388,5.0
1389,5.0
1390,5.0
1391,5.0
1392,5.0
1393,5.0
1394,5.0
1395,5.0
1396,5.0
1397,5.0
1398,5.0
1399,5.0
1400,5.0
1401,5.0
1402,5.0
1403,5.0
1404,5.0
1405,5.0
1406,5.0
1407,5.0
1408,5.0
1409,5.0
1410,5.0
1411,5.0
1412,5.0
1413,5.0
1414,5.0
1415,5.0
1416,5.0
1417,5.0
1418,5.0
1419,5.0
1420,5.0
1421,5.0
1422,5.0
1423,5.0
1424,5.0
1425,5.0
1426,5.0
1427,5.0
1428,5.0
1429,5.0
1430,5.0
1431,5.0
1432,5.0
1433,5.0
1434,5.0
1435,5.0
1436,5.0
1437,5.0
1438,5.0
1439,5.0
1440,5.0
1441,5.0
1442,5.0
1443,5.0
1444,5.0
1445,5.0
1446,5.0
1447,5.0
1448,5.0
1449,5.0
1450,5.0
1451,5.0
1452,5.0
1453,5.0
1454,5.0
1455,5.0
1456,5.0
1457,5.0
1458,5.0
1459,5.0
1460,5.0
1461,5.0
1462,5.0
1463,5.0
1464,5.0
1465,5.0
1466,5.0
1467,5.0
1468,5.0
1469,5.0
1470,5.0
1471,5.0
1472,5.0
1473,5.0
1474,5.0
1475,5.0
1476,5.0
1477,5.0
1478,5.0
1479,5.0
1480,5.0
1481,5.0
1482,5.0
1483,5.0
1484,5.0
1485,5.0
1486,5.0
1487,5.0
1488,5.0
1489,5.0
1490,5.0
1491,5.0
1492,5.0
1493,5.0
1494,5.0
1495,5.0
1496,5.0
1497,5.0
1498,5.0
1499,5.0
1500,5.0
1501,5.0
1502,5.0
1503,5.0
1504,5.0
1505,5.0
1506,5.0
1507,5.0
1508,5.0
1509,5.0
1510,5.0
1511,5.0
1512,5.0
1513,5.0
1514,5.0
1515,5.0
1516,5.0
1517,5.0
1518,5.0
1519,5.0
1520,5.0
1521,5.0
1522,5.0
1523,5.0
1524,5.0
1525,5.0
1526,5.0
1527,5.0
1528,5.0
1529,5.0
1530,5.0
1531,5.0
1532,5.0
1533,5.0
1534,5.0
1535,5.0
1536,5.0
1537,5.0
1538,5.0
1539,5.0
1540,5.0
1541,5.0
1542,5.0
1543,5.0
1544,5.0
1545,5.0
1546,5.0
1547,5.0
1548,5.0
1549,5.0
1550,5.0
1551,5.0
1552,5.0
1553,5.0
1554,5.0
1555,5.0
1556,5.0
1557,5.0
1558,5.0
1559,5.0
1560,5.0
1561,5.0
1562,5.0
1563,5.0
1564,5.0
1565,5.0
1566,5.0
1567,5.0
1568,5.0
1569,5.0
1570,5.0
1571,5.0
1572,5.0
1573,5.0
1574,5.0
1575,5.0
1576,5.0
1577,5.0
1578,5.0
1579,5.0
1580,5.0
1581,5.0
1582,5.0
1583,5.0
1584,5.0
1585,5.0
1586,5.0
1587,5.0
1588,5.0
1589,5.0
1590,5.0
1591,5.0
1592,5.0
1593,5.0
1594,5.0
1595,5.0
1596,5.0
1597,5.0
1598,5.0
1599,5.0
1600,5.0
1601,5.0
1602,5.0
1603,5.0
1604,5.0
1605,5.0
1606,5.0
1607,5.0
1608,5.0
1609,5.0
1610,5.0
1611,5.0
1612,5.0
1613,5.0
1614,5.0
1615,5.0
1616,5.0
1617,5.0
1618,5.0
1619,5.0
1620,5.0
1621,5.0
1622,5.0
1623,5.0
1624,5.0
1625,5.0
1626,5.0
1627,5.0
1628,5.0
1629,5.0
1630,5.0
1631,5.0
1632,5.0
1633,5.0
1634,5.0
1635,5.0
1636,5.0
1637,5.0
1638,5.0
1639,5.0
1640,5.0
1641,5.0
1642,5.0
1643,5.0
1644,5.0
1645,5.0
1646,5.0
1647,5.0
1648,5.0
1649,5.0
1650,5.0
1651,5.0
1652,5.0
1653,5.0
1654,5.0
1655,5.0
1656,5.0
1657,5.0
1658,5.0
1659,5.0
1660,5.0
1661,5.0
1662,5.0
1663,5.0
1664,5.0
1665,5.0
1666,5.0
1667,5.0
1668,5.0
1669,5.0
1670,5.0
1671,5.0
1672,5.0
1673,5.0
1674,5.0
1675,5.0
1676,5.0
1677,5.0
1678,5.0
1679,5.0
1680,5.0
1681,5.0
1682,5.0
1683,5.0
1684,5.0
1685,5.0
1686,5.0
1687,5.0
1688,5.0
1689,5.0
1690,5.0
1691,5.0
1692,5.0
1693,5.0
1694,5.0
1695,5.0
1696,5.0
1697,5.0
1698,5.0
1699,5.0
1700,5.0
1701,5.0
1702,5.0
1703,5.0
1704,5.0
1705,5.0
1706,5.0
1707,5.0
1708,5.0
1709,5.0
1710,5.0
1711,5.0
1712,5.0
1713,5.0
1714,5.0
1715,5.0
1716,5.0
1717,5.0
1718,5.0
1719,5.0
1720,5.0
1721,5.0
1722,5.0
1723,5.0
1724,5.0
1725,5.0
1726,5.0
1727,5.0
1728,5.0
1729,5.0
1730,5.0
1731,5.0
1732,5.0
1733,5.0
1734,5.0
1735,5.0
1736,5.0
1737,5.0
1738,5.0
1739,5.0
1740,5.0
1741,5.0
1742,5.0
1743,5.0
1744,5.0
1745,5.0
1746,5.0
1747,5.0
1748,5.0
1749,5.0
1750,5.0
1751,5.0
1752,5.0
1753,5.0
1754,5.0
1755,5.0
1756,5.0
1757,5.0
1758,5.0
1759,5.0
1760,5.0
1761,5.0
1762,5.0
1763,5.0
1764,5.0
1765,5.0
1766,5.0
1767,5.0
1768,5.0
1769,5.0
1770,5.0
1771,5.0
1772,5.0
1773,5.0
1774,5.0
1775,5.0
1776,5.0
1777,5.0
1778,5.0
1779,5.0
1780,5.0
1781,5.0
1782,5.0
1783,5.0
1784,5.0
1785,5.0
1786,5.0
1787,5.0
1788,5.0
1789,5.0
1790,5.0
1791,5.0
1792,7.6549999999999905
1793,7.822999999999994
1794,7.822999999999994
1795,7.822999999999994
1796,7.822999999999994
1797,6.984000000000001
1798,6.984000000000001
1799,6.984000000000001
1800,6.984000000000001
1801,4.6180000000000065
1802,5.591000000000001
1803,5.591000000000001
1804,5.0
1805,5.0
1806,5.0
1807,5.0
1808,5.0
1809,5.0
1810,5.0
1811,5.0
1812,5.0
1813,5.0
1814,5.0
1815,5.0
1816,5.0
1817,5.0
1818,5.0
1819,5.0
1820,5.0
1821,5.0
1822,5.0
1823,5.0
1824,5.0
1825,5.0
1826,5.0
1827,5.0
1828,5.0
1829,5.0
1830,5.0
1831,5.0
1832,5.0
1833,5.0
1834,5.0
1835,5.0
1836,5.0
1837,5.0
1838,5.0
1839,5.0
1840,5.0
1841,5.0
1842,5.0
1843,5.0
1844,5.0
1845,5.0
1846,5.0
1847,5.0
1848,5.0
1849,5.0
1850,5.0
1851,5.0
1852,5.0
1853,5.0
1854,5.0
1855,5.0
1856,5.0
1857,5.0
1858,5.0
1859,5.0
1860,5.0
1861,5.0
1862,5.0
1863,5.0
1864,5.0
1865,5.0
1866,5.0
1867,5.0
1868,5.0
1869,5.0
1870,5.0
1871,5.0
1872,5.0
1873,5.0
1874,5.0
1875,2.6000000000001076
1876,2.6000000000001076
1877,2.6000000000001076
1878,2.6000000000001076
1879,2.6000000000001076
1880,2.6000000000001076
1881,2.6000000000001076
1882,2.6000000000001076
1883,2.6000000000001076
1884,2.5999999999999996
1885,2.6000000000001076
1886,2.6000000000001076
1887,2.6000000000001076
1888,2.6000000000001076
1889,2.6000000000001076
1890,2.6000000000001076
1891,2.6000000000001076
1892,2.6000000000001076
1893,2.6000000000001076
1894,2.6000000000001076
1895,2.5999999999999996
1896,2.6000000000001076
1897,2.6000000000001076
1898,2.6000000000001076
1899,2.6000000000001076
1900,2.6000000000001076
1901,2.6000000000001076
1902,2.5999999999999996
1903,2.5999999999999996
1904,2.5999999999999996
1905,2.6000000000001076
1906,2.6000000000001076
1907,2.6000000000001076
1908,2.6000000000001076
1909,2.6000000000001076
1910,2.6000000000001076
1911,2.6000000000001076
1912,2.6000000000001076
1913,2.6000000000001076
1914,2.6000000000001076
1915,2.6000000000001076
1916,2.6000000000001076
1917,2.5999999999999996
1918,2.6000000000001076
1919,2.6000000000001076
1920,2.6000000000001076
1921,2.6000000000001076
1922,2.6000000000001076
1923,2.6000000000001076
1924,2.6000000000000023
1925,2.5999999999999996
1926,2.5999999999999996
1927,2.6000000000001076
1928,2.6000000000001076
1929,2.6000000000001076
1930,2.6000000000001076
1931,2.6000000000001076
1932,2.6000000000001076
1933,2.6000000000001076
1934,2.6000000000001076
1935,2.6000000000001076
1936,2.6000000000001076
1937,2.6000000000001076
1938,2.6000000000001076
1939,2.5999999999999996
1940,2.5999999999999996
1941,2.5999999999999996
1942,2.5999999999999996
1943,2.6000000000001076
1944,2.6000000000001076
1945,2.6000000000001076
1946,2.6000000000001076
1947,2.6000000000001076
1948,2.6000000000001076
1949,2.6000000000001076
1950,2.6000000000001076
1951,2.6000000000001076
1952,2.6000000000001076
1953,2.6000000000001076
1954,2.6000000000001076
1955,2.6000000000001076
1956,2.6000000000001076
1957,2.6000000000001076
1958,2.6000000000001076
1959,2.5999999999999996
1960,2.6000000000001076
1961,2.6000000000001076
1962,2.6000000000001076
1963,2.6000000000001076
1964,2.6000000000001076
1965,2.6000000000001076
1966,2.6000000000001076
1967,2.6000000000001076
1968,2.5999999999999996
1969,2.6000000000001076
1970,2.6000000000001076
1971,2.6000000000001076
1972,2.6000000000001076
1973,2.6000000000001076
1974,2.6000000000001076
1975,2.5999999999999996
1976,2.6000000000001076
1977,2.6000000000001076
1978,2.6000000000001076
1979,2.6000000000001076
1980,2.6000000000001076
1981,2.6000000000001076
1982,2.6000000000000023
1983,2.5999999999999996
1984,2.6000000000001076
1985,2.6000000000001076
1986,2.6000000000001076
1987,2.6000000000001076
1988,2.6000000000001076
1989,2.6000000000001076
1990,2.6000000000001076
1991,2.6000000000001076
1992,2.6000000000000023
1993,2.6000000000000023
1994,2.5999999999999996
1995,2.6000000000001076
1996,2.6000000000001076
1997,2.6000000000001076
1998,2.6000000000001076
1999,2.6000000000001076
2000,2.6000000000001076
2001,2.5999999999999996
2002,2.6000000000001076
2003,2.6000000000001076
2004,2.6000000000001076
2005,2.6000000000001076
2006,2.6000000000001076
2007,2.6000000000001076
2008,2.6000000000001076
2009,2.6000000000001076
2010,2.6000000000001076
2011,2.6000000000001076
2012,2.6000000000000023
2013,2.6000000000000023
2014,2.6000000000000023
2015,2.5999999999999996
2016,2.6000000000001076
2017,2.6000000000001076
2018,2.6000000000001076
2019,2.6000000000001076
2020,2.6000000000001076
2021,2.6000000000001076
2022,2.6000000000001076
2023,2.6000000000001076
2024,2.6000000000000023
2025,2.6000000000000023
2026,2.5999999999999996
2027,2.6000000000001076
2028,2.6000000000001076
2029,2.6000000000001076
2030,2.6000000000001076
2031,2.6000000000001076
2032,2.6000000000001076
2033,2.6000000000001076
2034,2.6000000000001076
2035,2.5999999999999996
2036,2.6000000000001076
2037,2.6000000000001076
2038,2.6000000000001076
2039,2.6000000000001076
2040,2.6000000000001076
2041,2.6000000000001076
2042,2.6000000000001076
2043,2.6000000000001076
2044,2.5999999999999996
2045,2.6000000000001076
2046,2.6000000000001076
2047,2.6000000000001076
2048,2.6000000000001076
2049,2.6000000000001076
2050,2.6000000000001076
2051,2.5999999999999996
2052,2.6000000000001076
2053,2.6000000000001076
2054,2.6000000000001076
2055,2.6000000000001076
2056,2.6000000000001076
2057,2.6000000000001076
2058,2.6000000000001076
2059,2.6000000000001076
2060,2.6000000000001076
2061,2.6000000000001076
2062,2.5999999999999996
2063,2.6000000000001076
2064,2.6000000000001076
2065,2.6000000000001076
2066,2.6000000000001076
2067,2.6000000000001076
2068,2.6000000000001076
2069,2.6000000000001076
2070,2.6000000000001076
2071,2.5999999999999996
2072,2.6000000000001076
2073,2.6000000000001076
2074,2.6000000000001076
2075,2.6000000000001076
2076,2.6000000000001076
2077,2.6000000000001076
2078,2.6000000000001076
2079,2.6000000000001076
2080,2.5999999999999996
2081,2.6000000000001076
2082,2.6000000000001076
2083,2.6000000000001076
2084,2.6000000000001076
2085,2.6000000000001076
2086,2.6000000000001076
2087,2.6000000000001076
2088,2.6000000000001076
2089,2.5999999999999996
2090,2.6000000000001076
2091,2.6000000000001076
2092,2.6000000000001076
2093,2.6000000000001076
2094,2.6000000000001076
2095,2.6000000000001076
2096,2.5999999999999996
2097,2.6000000000001076
2098,2.6000000000001076
2099,2.6000000000001076
2100,2.6000000000001076
2101,2.6000000000001076
2102,2.6000000000001076
2103,2.5999999999999996
2104,2.6000000000001076
2105,2.6000000000001076
2106,2.6000000000001076
2107,2.6000000000001076
2108,2.6000000000001076
2109,2.6000000000001076
2110,2.6000000000000023
2111,2.6000000000001076
2112,2.6000000000001076
2113,2.6000000000001076
2114,2.6000000000001076
2115,2.5999999999999996
2116,2.6000000000001076
2117,2.6000000000001076
2118,2.6000000000001076
2119,2.6000000000001076
2120,2.6000000000001076
2121,2.6000000000001076
2122,2.5999999999999996
2123,2.6000000000001076
2124,2.6000000000001076
2125,2.6000000000001076
2126,2.6000000000001076
2127,2.6000000000001076
2128,2.6000000000001076
2129,2.5999999999999996
2130,2.6000000000001076
2131,2.6000000000001076
2132,2.6000000000001076
2133,2.6000000000001076
2134,2.6000000000001076
2135,2.6000000000001076
2136,2.6000000000001076
2137,2.6000000000001076
2138,2.6000000000001076
2139,2.6000000000001076
2140,2.6000000000001076
2141,2.6000000000001076
2142,2.6000000000001076
2143,2.6000000000001076
2144,2.6000000000001076
2145,2.6000000000001076
2146,2.6000000000001076
2147,2.6000000000001076
2148,2.6000000000001076
2149,2.6000000000001076
2150,2.6000000000001076
2151,2.6000000000001076
2152,2.6000000000001076
2153,2.6000000000001076
2154,2.6000000000001076
2155,2.6000000000001076
2156,2.6000000000001076
2157,2.6000000000001076
2158,2.6000000000001076
2159,2.6000000000001076
2160,2.6000000000001076
2161,2.6000000000001076
2162,2.5999999999999996
2163,2.6000000000001076
2164,2.6000000000001076
2165,2.6000000000001076
2166,2.6000000000001076
2167,2.5999999999999996
2168,2.6000000000001076
2169,2.6000000000001076
2170,2.6000000000001076
2171,2.6000000000001076
2172,2.6000000000001076
2173,2.6000000000001076
2174,2.6000000000001076
2175,2.6000000000001076
2176,2.5999999999999996
2177,2.6000000000001076
2178,2.6000000000001076
2179,2.6000000000001076
2180,2.6000000000001076
2181,2.6000000000001076
2182,2.6000000000001076
2183,2.6000000000001076
2184,2.6000000000001076
2185,2.5999999999999996
2186,2.6000000000001076
2187,2.6000000000001076
2188,2.6000000000001076
2189,2.6000000000001076
2190,2.6000000000001076
2191,2.6000000000001076
2192,2.6000000000001076
2193,2.6000000000001076
2194,2.6000000000001076
2195,2.6000000000000023
2196,2.5999999999999996
2197,2.6000000000001076
2198,2.6000000000001076
2199,2.6000000000001076
2200,2.6000000000001076
2201,2.6000000000001076
2202,2.6000000000001076
2203,2.6000000000001076
2204,2.6000000000001076
2205,2.6000000000000023
2206,2.6000000000000023
2207,2.5999999999999996
2208,2.6000000000001076
2209,2.6000000000001076
2210,2.6000000000001076
2211,2.6000000000001076
2212,2.6000000000001076
2213,2.6000000000001076
2214,2.6000000000000023
2215,2.6000000000001076
2216,2.6000000000001076
2217,2.6000000000001076
2218,2.6000000000001076
2219,2.6000000000001076
2220,2.6000000000001076
2221,2.6000000000001076
2222,2.6000000000001076
2223,2.5999999999999996
2224,2.6000000000001076
2225,2.6000000000001076
2226,2.6000000000001076
2227,2.6000000000001076
2228,2.6000000000001076
2229,2.6000000000001076
2230,2.6000000000000023
2231,2.5999999999999996
2232,2.6000000000001076
2233,2.6000000000001076
2234,2.6000000000001076
2235,2.6000000000001076
2236,2.6000000000001076
2237,2.6000000000001076
2238,2.6000000000001076
2239,2.6000000000001076
2240,2.5999999999999996
2241,2.6000000000001076
2242,2.6000000000001076
2243,2.6000000000001076
2244,2.6000000000001076
2245,2.6000000000001076
2246,2.6000000000001076
2247,2.5999999999999996
2248,2.6000000000001076
2249,2.6000000000001076
2250,2.6000000000001076
2251,2.6000000000001076
2252,2.6000000000001076
2253,2.6000000000001076
2254,2.6000000000001076
2255,2.6000000000001076
2256,2.5999999999999996
2257,2.6000000000001076
2258,2.6000000000001076
2259,2.6000000000001076
2260,2.6000000000001076
2261,2.6000000000001076
2262,2.6000000000001076
2263,2.6000000000001076
2264,2.6000000000001076
2265,2.6000000000001076
2266,2.6000000000001076
2267,2.6000000000001076
2268,2.6000000000001076
2269,2.6000000000001076
2270,2.6000000000001076
2271,2.600000000000001
2272,2.6000000000001076
2273,2.5999999999999996
2274,2.6000000000001076
2275,2.6000000000001076
2276,2.6000000000001076
2277,2.6000000000001076
2278,2.6000000000001076
2279,2.6000000000001076
2280,2.6000000000001076
2281,2.6000000000001076
2282,2.5999999999999996
2283,2.6000000000001076
2284,2.6000000000001076
2285,2.6000000000001076
2286,2.6000000000001076
2287,2.6000000000001076
2288,2.6000000000001076
2289,2.6000000000001076
2290,2.6000000000001076
2291,2.5999999999999996
2292,2.6000000000001076
2293,2.6000000000001076
2294,2.6000000000001076
2295,2.6000000000001076
2296,2.5999999999999996
2297,2.6000000000001076
2298,2.6000000000001076
2299,2.6000000000001076
2300,2.6000000000001076
2301,2.6000000000001076
2302,2.6000000000001076
2303,2.6000000000001076
2304,2.6000000000001076
2305,2.6000000000001076
2306,2.6000000000001076
2307,2.6000000000001076
2308,2.6000000000001076
2309,2.6000000000001076
2310,2.6000000000001076
2311,2.5999999999999996
2312,2.6000000000001076
2313,2.6000000000001076
2314,2.6000000000001076
2315,2.6000000000001076
2316,2.6000000000001076
2317,2.6000000000001076
2318,2.6000000000001076
2319,2.6000000000001076
2320,2.6000000000001076
2321,2.6000000000000023
2322,2.6000000000000023
2323,2.5999999999999996
2324,2.6000000000001076
2325,2.6000000000001076
2326,2.5999999999999996
2327,2.6000000000001076
2328,2.6000000000001076
2329,2.6000000000001076
2330,2.6000000000001076
2331,2.6000000000001076
2332,2.6000000000001076
2333,2.6000000000001076
2334,2.6000000000001076
2335,2.6000000000000023
2336,2.6000000000000023
2337,2.5999999999999996
2338,2.6000000000001076
2339,2.6000000000001076
2340,2.6000000000001076
2341,2.6000000000001076
2342,2.6000000000001076
2343,2.6000000000001076
2344,2.6000000000001076
2345,2.6000000000001076
2346,2.6000000000000023
2347,2.6000000000000023
2348,2.5999999999999996
2349,2.6000000000001076
2350,2.6000000000001076
2351,2.6000000000001076
2352,2.6000000000001076
2353,2.6000000000001076
2354,2.6000000000001076
2355,2.5999999999999996
2356,2.6000000000001076
2357,2.6000000000001076
2358,2.6000000000001076
2359,2.6000000000001076
2360,2.6000000000001076
2361,2.6000000000001076
2362,2.6000000000001076
2363,2.6000000000001076
2364,2.6000000000000023
2365,2.6000000000000023
2366,2.5999999999999996
2367,2.6000000000001076
2368,2.6000000000001076
2369,2.6000000000001076
2370,2.6000000000001076
2371,2.6000000000001076
2372,2.6000000000001076
2373,2.6000000000000023
2374,2.5999999999999996
2375,2.6000000000001076
2376,2.6000000000001076
2377,2.6000000000001076
2378,2.6000000000001076
2379,2.5999999999999996
2380,2.6000000000001076
2381,2.6000000000001076
2382,2.6000000000001076
2383,2.6000000000001076
2384,2.6000000000001076
2385,2.6000000000001076
2386,2.6000000000000023
2387,2.5999999999999996
2388,2.6000000000001076
2389,2.6000000000001076
2390,2.6000000000001076
2391,2.6000000000001076
2392,2.6000000000001076
2393,2.6000000000001076
2394,2.5999999999999996
2395,2.5999999999999996
2396,2.5999999999999996
2397,2.6000000000001076
2398,2.6000000000001076
2399,2.6000000000001076
2400,2.6000000000001076
2401,2.6000000000001076
2402,2.6000000000001076
2403,2.6000000000001076
2404,2.6000000000001076
2405,2.6000000000001076
2406,2.6000000000001076
2407,2.6000000000001076
2408,2.6000000000001076
2409,2.6000000000001076
2410,2.6000000000001076
2411,2.6000000000001076
2412,2.6000000000001076
2413,2.6000000000001076
2414,2.6000000000001076
2415,2.6000000000001076
2416,2.6000000000001076
2417,2.6000000000001076
2418,2.6000000000001076
2419,2.6000000000001076
2420,2.6000000000001076
2421,2.5999999999999996
2422,2.6000000000001076
2423,2.6000000000001076
2424,2.6000000000001076
2425,2.6000000000001076
2426,2.5999999999999996
2427,2.6000000000001076
2428,2.6000000000001076
2429,2.6000000000001076
2430,2.6000000000001076
2431,2.5999999999999996
2432,2.6000000000001076
2433,2.6000000000001076
2434,2.6000000000001076
2435,2.6000000000001076
2436,2.5999999999999996
2437,2.6000000000001076
2438,2.6000000000001076
2439,2.6000000000001076
2440,2.6000000000001076
2441,2.6000000000001076
2442,2.6000000000001076
2443,2.6000000000000023
2444,2.5999999999999996
2445,2.6000000000001076
2446,2.6000000000001076
2447,2.6000000000001076
2448,2.6000000000001076
2449,2.6000000000001076
2450,2.6000000000001076
2451,2.6000000000001076
2452,2.6000000000001076
2453,2.5999999999999996
2454,2.6000000000001076
2455,2.6000000000001076
2456,2.5999999999999996
2457,2.5999999999999996
2458,2.6000000000001076
2459,2.6000000000001076
2460,2.6000000000001076
2461,2.6000000000001076
2462,2.6000000000001076
2463,2.6000000000001076
2464,2.6000000000001076
2465,2.6000000000001076
2466,2.5999999999999996
2467,2.6000000000001076
2468,2.6000000000001076
2469,2.6000000000001076
2470,2.6000000000001076
2471,2.6000000000001076
2472,2.6000000000001076
2473,2.6000000000001076
2474,2.6000000000001076
2475,2.6000000000000023
2476,2.6000000000000023
2477,2.5999999999999996
2478,2.6000000000001076
2479,2.6000000000001076
2480,2.6000000000001076
2481,2.6000000000001076
2482,2.6000000000000023
2483,2.6000000000000023
2484,2.6000000000001076
2485,2.6000000000001076
2486,2.6000000000001076
2487,2.6000000000001076
2488,2.6000000000001076
2489,2.6000000000001076
2490,2.5999999999999996
2491,2.6000000000001076
2492,2.6000000000001076
2493,2.6000000000001076
2494,2.6000000000001076
2495,2.6000000000001076
2496,2.6000000000001076
2497,2.6000000000001076
2498,2.6000000000001076
2499,2.5999999999999996
2500,2.6000000000001076
2501,2.6000000000001076
2502,2.6000000000001076
2503,2.6000000000001076
2504,2.6000000000001076
2505,2.6000000000001076
2506,2.6000000000001076
2507,2.6000000000001076
2508,2.5999999999999996
2509,2.6000000000001076
2510,2.6000000000001076
2511,2.6000000000001076
2512,2.6000000000001076
2513,2.6000000000001076
2514,2.6000000000001076
2515,2.6000000000001076
2516,2.6000000000001076
2517,2.6000000000001076
2518,2.6000000000001076
2519,2.6000000000001076
2520,2.6000000000001076
2521,2.6000000000001076
2522,2.6000000000001076
2523,2.6000000000001076
2524,2.6000000000001076
2525,2.5999999999999996
2526,2.6000000000001076
2527,2.6000000000001076
2528,2.6000000000001076
2529,2.6000000000001076
2530,2.6000000000001076
2531,2.6000000000001076
2532,2.6000000000001076
2533,2.6000000000001076
2534,2.5999999999999996
2535,2.6000000000001076
2536,2.6000000000001076
2537,2.6000000000001076
2538,2.6000000000001076
2539,2.6000000000001076
2540,2.6000000000001076
2541,2.6000000000001076
2542,2.6000000000001076
2543,2.5999999999999996
2544,2.6000000000001076
2545,2.6000000000001076
2546,2.6000000000001076
2547,2.6000000000001076
2548,2.6000000000001076
2549,2.6000000000001076
2550,2.6000000000001076
2551,2.6000000000001076
2552,2.6000000000000023
2553,2.6000000000000023
2554,2.5999999999999996
2555,2.6000000000001076
2556,2.6000000000001076
2557,2.6000000000001076
2558,2.6000000000001076
2559,2.6000000000001076
2560,2.6000000000001076
2561,2.6000000000001076
2562,2.6000000000001076
2563,2.6000000000001076
2564,2.6000000000000023
2565,2.5999999999999996
2566,2.6000000000001076
2567,2.6000000000001076
2568,2.6000000000001076
2569,2.6000000000001076
2570,2.6000000000001076
2571,2.6000000000001076
2572,2.6000000000001076
2573,2.6000000000001076
2574,2.6000000000000023
2575,2.6000000000001076
2576,2.6000000000001076
2577,2.6000000000001076
2578,2.6000000000001076
2579,2.6000000000001076
2580,2.6000000000001076
2581,2.5999999999999996
2582,2.6000000000001076
2583,2.6000000000001076
2584,2.6000000000001076
2585,2.6000000000001076
2586,2.6000000000001076
2587,2.6000000000001076
2588,2.6000000000001076
2589,2.6000000000001076
2590,2.6000000000001076
2591,2.6000000000001076
2592,2.6000000000001076
2593,2.6000000000001076
2594,2.6000000000000023
2595,2.6000000000001076
2596,2.6000000000001076
